"year","month","day","start","end","length","date"
2016,1,"1",2017-08-21 07:46:00,2017-08-21 16:04:00,"8:18:34",2016-01-01
2016,1,"2",2017-08-21 07:46:00,2017-08-21 16:05:00,"8:19:35",2016-01-02
2016,1,"3",2017-08-21 07:45:00,2017-08-21 16:06:00,"8:20:41",2016-01-03
2016,1,"4",2017-08-21 07:45:00,2017-08-21 16:07:00,"8:21:53",2016-01-04
2016,1,"5",2017-08-21 07:45:00,2017-08-21 16:08:00,"8:23:10",2016-01-05
2016,1,"6",2017-08-21 07:45:00,2017-08-21 16:09:00,"8:24:32",2016-01-06
2016,1,"7",2017-08-21 07:45:00,2017-08-21 16:11:00,"8:25:59",2016-01-07
2016,1,"8",2017-08-21 07:44:00,2017-08-21 16:12:00,"8:27:31",2016-01-08
2016,1,"9",2017-08-21 07:44:00,2017-08-21 16:13:00,"8:29:08",2016-01-09
2016,1,"10",2017-08-21 07:44:00,2017-08-21 16:14:00,"8:30:49",2016-01-10
2016,1,"11",2017-08-21 07:43:00,2017-08-21 16:16:00,"8:32:35",2016-01-11
2016,1,"12",2017-08-21 07:43:00,2017-08-21 16:17:00,"8:34:26",2016-01-12
2016,1,"13",2017-08-21 07:42:00,2017-08-21 16:18:00,"8:36:22",2016-01-13
2016,1,"14",2017-08-21 07:41:00,2017-08-21 16:20:00,"8:38:21",2016-01-14
2016,1,"15",2017-08-21 07:41:00,2017-08-21 16:21:00,"8:40:25",2016-01-15
2016,1,"16",2017-08-21 07:40:00,2017-08-21 16:23:00,"8:42:33",2016-01-16
2016,1,"17",2017-08-21 07:39:00,2017-08-21 16:24:00,"8:44:45",2016-01-17
2016,1,"18",2017-08-21 07:38:00,2017-08-21 16:25:00,"8:47:01",2016-01-18
2016,1,"19",2017-08-21 07:38:00,2017-08-21 16:27:00,"8:49:21",2016-01-19
2016,1,"20",2017-08-21 07:37:00,2017-08-21 16:28:00,"8:51:44",2016-01-20
2016,1,"21",2017-08-21 07:36:00,2017-08-21 16:30:00,"8:54:11",2016-01-21
2016,1,"22",2017-08-21 07:35:00,2017-08-21 16:32:00,"8:56:42",2016-01-22
2016,1,"23",2017-08-21 07:34:00,2017-08-21 16:33:00,"8:59:15",2016-01-23
2016,1,"24",2017-08-21 07:33:00,2017-08-21 16:35:00,"9:01:52",2016-01-24
2016,1,"25",2017-08-21 07:32:00,2017-08-21 16:36:00,"9:04:32",2016-01-25
2016,1,"26",2017-08-21 07:31:00,2017-08-21 16:38:00,"9:07:15",2016-01-26
2016,1,"27",2017-08-21 07:29:00,2017-08-21 16:39:00,"9:10:01",2016-01-27
2016,1,"28",2017-08-21 07:28:00,2017-08-21 16:41:00,"9:12:50",2016-01-28
2016,1,"29",2017-08-21 07:27:00,2017-08-21 16:43:00,"9:15:41",2016-01-29
2016,1,"30",2017-08-21 07:26:00,2017-08-21 16:44:00,"9:18:35",2016-01-30
2016,1,"31",2017-08-21 07:24:00,2017-08-21 16:46:00,"9:21:32",2016-01-31
2016,2,"1",2017-08-21 07:23:00,2017-08-21 16:48:00,"9:24:31",2016-02-01
2016,2,"2",2017-08-21 07:22:00,2017-08-21 16:49:00,"9:27:32",2016-02-02
2016,2,"3",2017-08-21 07:20:00,2017-08-21 16:51:00,"9:30:35",2016-02-03
2016,2,"4",2017-08-21 07:19:00,2017-08-21 16:52:00,"9:33:41",2016-02-04
2016,2,"5",2017-08-21 07:17:00,2017-08-21 16:54:00,"9:36:48",2016-02-05
2016,2,"6",2017-08-21 07:16:00,2017-08-21 16:56:00,"9:39:57",2016-02-06
2016,2,"7",2017-08-21 07:14:00,2017-08-21 16:57:00,"9:43:09",2016-02-07
2016,2,"8",2017-08-21 07:13:00,2017-08-21 16:59:00,"9:46:21",2016-02-08
2016,2,"9",2017-08-21 07:11:00,2017-08-21 17:01:00,"9:49:36",2016-02-09
2016,2,"10",2017-08-21 07:10:00,2017-08-21 17:02:00,"9:52:52",2016-02-10
2016,2,"11",2017-08-21 07:08:00,2017-08-21 17:04:00,"9:56:10",2016-02-11
2016,2,"12",2017-08-21 07:06:00,2017-08-21 17:06:00,"9:59:29",2016-02-12
2016,2,"13",2017-08-21 07:05:00,2017-08-21 17:07:00,"10:02:49",2016-02-13
2016,2,"14",2017-08-21 07:03:00,2017-08-21 17:09:00,"10:06:11",2016-02-14
2016,2,"15",2017-08-21 07:01:00,2017-08-21 17:11:00,"10:09:33",2016-02-15
2016,2,"16",2017-08-21 06:59:00,2017-08-21 17:12:00,"10:12:57",2016-02-16
2016,2,"17",2017-08-21 06:58:00,2017-08-21 17:14:00,"10:16:22",2016-02-17
2016,2,"18",2017-08-21 06:56:00,2017-08-21 17:16:00,"10:19:48",2016-02-18
2016,2,"19",2017-08-21 06:54:00,2017-08-21 17:17:00,"10:23:15",2016-02-19
2016,2,"20",2017-08-21 06:52:00,2017-08-21 17:19:00,"10:26:43",2016-02-20
2016,2,"21",2017-08-21 06:50:00,2017-08-21 17:21:00,"10:30:12",2016-02-21
2016,2,"22",2017-08-21 06:49:00,2017-08-21 17:22:00,"10:33:42",2016-02-22
2016,2,"23",2017-08-21 06:47:00,2017-08-21 17:24:00,"10:37:12",2016-02-23
2016,2,"24",2017-08-21 06:45:00,2017-08-21 17:26:00,"10:40:43",2016-02-24
2016,2,"25",2017-08-21 06:43:00,2017-08-21 17:27:00,"10:44:15",2016-02-25
2016,2,"26",2017-08-21 06:41:00,2017-08-21 17:29:00,"10:47:47",2016-02-26
2016,2,"27",2017-08-21 06:39:00,2017-08-21 17:30:00,"10:51:20",2016-02-27
2016,2,"28",2017-08-21 06:37:00,2017-08-21 17:32:00,"10:54:54",2016-02-28
2016,2,"29",2017-08-21 06:35:00,2017-08-21 17:34:00,"10:58:28",2016-02-29
2016,3,"1",2017-08-21 06:33:00,2017-08-21 17:35:00,"11:02:02",2016-03-01
2016,3,"2",2017-08-21 06:31:00,2017-08-21 17:37:00,"11:05:37",2016-03-02
2016,3,"3",2017-08-21 06:29:00,2017-08-21 17:38:00,"11:09:12",2016-03-03
2016,3,"4",2017-08-21 06:27:00,2017-08-21 17:40:00,"11:12:48",2016-03-04
2016,3,"5",2017-08-21 06:25:00,2017-08-21 17:42:00,"11:16:25",2016-03-05
2016,3,"6",2017-08-21 06:23:00,2017-08-21 17:43:00,"11:20:01",2016-03-06
2016,3,"7",2017-08-21 06:21:00,2017-08-21 17:45:00,"11:23:38",2016-03-07
2016,3,"8",2017-08-21 06:19:00,2017-08-21 17:46:00,"11:27:15",2016-03-08
2016,3,"9",2017-08-21 06:17:00,2017-08-21 17:48:00,"11:30:52",2016-03-09
2016,3,"10",2017-08-21 06:15:00,2017-08-21 17:49:00,"11:34:29",2016-03-10
2016,3,"11",2017-08-21 06:13:00,2017-08-21 17:51:00,"11:38:07",2016-03-11
2016,3,"12",2017-08-21 06:11:00,2017-08-21 17:52:00,"11:41:45",2016-03-12
2016,3,"13",2017-08-21 06:09:00,2017-08-21 17:54:00,"11:45:22",2016-03-13
2016,3,"14",2017-08-21 06:07:00,2017-08-21 17:56:00,"11:49:00",2016-03-14
2016,3,"15",2017-08-21 06:04:00,2017-08-21 17:57:00,"11:52:38",2016-03-15
2016,3,"16",2017-08-21 06:02:00,2017-08-21 17:59:00,"11:56:16",2016-03-16
2016,3,"17",2017-08-21 06:00:00,2017-08-21 18:00:00,"11:59:54",2016-03-17
2016,3,"18",2017-08-21 05:58:00,2017-08-21 18:02:00,"12:03:33",2016-03-18
2016,3,"19",2017-08-21 05:56:00,2017-08-21 18:03:00,"12:07:11",2016-03-19
2016,3,"20",2017-08-21 05:54:00,2017-08-21 18:05:00,"12:10:49",2016-03-20
2016,3,"21",2017-08-21 05:52:00,2017-08-21 18:06:00,"12:14:27",2016-03-21
2016,3,"22",2017-08-21 05:50:00,2017-08-21 18:08:00,"12:18:04",2016-03-22
2016,3,"23",2017-08-21 05:48:00,2017-08-21 18:09:00,"12:21:42",2016-03-23
2016,3,"24",2017-08-21 05:45:00,2017-08-21 18:11:00,"12:25:20",2016-03-24
2016,3,"25",2017-08-21 05:43:00,2017-08-21 18:12:00,"12:28:57",2016-03-25
2016,3,"26",2017-08-21 05:41:00,2017-08-21 18:14:00,"12:32:35",2016-03-26
2016,3,"27",2017-08-21 06:39:00,2017-08-21 19:15:00,"12:36:12",2016-03-27
2016,3,"28",2017-08-21 06:37:00,2017-08-21 19:17:00,"12:39:49",2016-03-28
2016,3,"29",2017-08-21 06:35:00,2017-08-21 19:18:00,"12:43:26",2016-03-29
2016,3,"30",2017-08-21 06:33:00,2017-08-21 19:20:00,"12:47:02",2016-03-30
2016,3,"31",2017-08-21 06:31:00,2017-08-21 19:21:00,"12:50:39",2016-03-31
2016,4,"1",2017-08-21 06:29:00,2017-08-21 19:23:00,"12:54:15",2016-04-01
2016,4,"2",2017-08-21 06:27:00,2017-08-21 19:24:00,"12:57:50",2016-04-02
2016,4,"3",2017-08-21 06:24:00,2017-08-21 19:26:00,"13:01:26",2016-04-03
2016,4,"4",2017-08-21 06:22:00,2017-08-21 19:27:00,"13:05:01",2016-04-04
2016,4,"5",2017-08-21 06:20:00,2017-08-21 19:29:00,"13:08:36",2016-04-05
2016,4,"6",2017-08-21 06:18:00,2017-08-21 19:30:00,"13:12:10",2016-04-06
2016,4,"7",2017-08-21 06:16:00,2017-08-21 19:32:00,"13:15:44",2016-04-07
2016,4,"8",2017-08-21 06:14:00,2017-08-21 19:33:00,"13:19:17",2016-04-08
2016,4,"9",2017-08-21 06:12:00,2017-08-21 19:35:00,"13:22:50",2016-04-09
2016,4,"10",2017-08-21 06:10:00,2017-08-21 19:36:00,"13:26:22",2016-04-10
2016,4,"11",2017-08-21 06:08:00,2017-08-21 19:38:00,"13:29:54",2016-04-11
2016,4,"12",2017-08-21 06:06:00,2017-08-21 19:39:00,"13:33:25",2016-04-12
2016,4,"13",2017-08-21 06:04:00,2017-08-21 19:41:00,"13:36:55",2016-04-13
2016,4,"14",2017-08-21 06:02:00,2017-08-21 19:42:00,"13:40:25",2016-04-14
2016,4,"15",2017-08-21 06:00:00,2017-08-21 19:44:00,"13:43:54",2016-04-15
2016,4,"16",2017-08-21 05:58:00,2017-08-21 19:45:00,"13:47:22",2016-04-16
2016,4,"17",2017-08-21 05:56:00,2017-08-21 19:47:00,"13:50:49",2016-04-17
2016,4,"18",2017-08-21 05:54:00,2017-08-21 19:48:00,"13:54:16",2016-04-18
2016,4,"19",2017-08-21 05:52:00,2017-08-21 19:50:00,"13:57:41",2016-04-19
2016,4,"20",2017-08-21 05:50:00,2017-08-21 19:51:00,"14:01:06",2016-04-20
2016,4,"21",2017-08-21 05:48:00,2017-08-21 19:53:00,"14:04:30",2016-04-21
2016,4,"22",2017-08-21 05:47:00,2017-08-21 19:54:00,"14:07:53",2016-04-22
2016,4,"23",2017-08-21 05:45:00,2017-08-21 19:56:00,"14:11:14",2016-04-23
2016,4,"24",2017-08-21 05:43:00,2017-08-21 19:57:00,"14:14:35",2016-04-24
2016,4,"25",2017-08-21 05:41:00,2017-08-21 19:59:00,"14:17:54",2016-04-25
2016,4,"26",2017-08-21 05:39:00,2017-08-21 20:00:00,"14:21:12",2016-04-26
2016,4,"27",2017-08-21 05:37:00,2017-08-21 20:02:00,"14:24:29",2016-04-27
2016,4,"28",2017-08-21 05:36:00,2017-08-21 20:03:00,"14:27:44",2016-04-28
2016,4,"29",2017-08-21 05:34:00,2017-08-21 20:05:00,"14:30:58",2016-04-29
2016,4,"30",2017-08-21 05:32:00,2017-08-21 20:06:00,"14:34:11",2016-04-30
2016,5,"1",2017-08-21 05:30:00,2017-08-21 20:08:00,"14:37:22",2016-05-01
2016,5,"2",2017-08-21 05:29:00,2017-08-21 20:09:00,"14:40:31",2016-05-02
2016,5,"3",2017-08-21 05:27:00,2017-08-21 20:11:00,"14:43:39",2016-05-03
2016,5,"4",2017-08-21 05:25:00,2017-08-21 20:12:00,"14:46:44",2016-05-04
2016,5,"5",2017-08-21 05:24:00,2017-08-21 20:14:00,"14:49:48",2016-05-05
2016,5,"6",2017-08-21 05:22:00,2017-08-21 20:15:00,"14:52:51",2016-05-06
2016,5,"7",2017-08-21 05:21:00,2017-08-21 20:16:00,"14:55:51",2016-05-07
2016,5,"8",2017-08-21 05:19:00,2017-08-21 20:18:00,"14:58:49",2016-05-08
2016,5,"9",2017-08-21 05:18:00,2017-08-21 20:19:00,"15:01:45",2016-05-09
2016,5,"10",2017-08-21 05:16:00,2017-08-21 20:21:00,"15:04:38",2016-05-10
2016,5,"11",2017-08-21 05:15:00,2017-08-21 20:22:00,"15:07:30",2016-05-11
2016,5,"12",2017-08-21 05:13:00,2017-08-21 20:23:00,"15:10:18",2016-05-12
2016,5,"13",2017-08-21 05:12:00,2017-08-21 20:25:00,"15:13:05",2016-05-13
2016,5,"14",2017-08-21 05:10:00,2017-08-21 20:26:00,"15:15:48",2016-05-14
2016,5,"15",2017-08-21 05:09:00,2017-08-21 20:28:00,"15:18:29",2016-05-15
2016,5,"16",2017-08-21 05:08:00,2017-08-21 20:29:00,"15:21:08",2016-05-16
2016,5,"17",2017-08-21 05:06:00,2017-08-21 20:30:00,"15:23:43",2016-05-17
2016,5,"18",2017-08-21 05:05:00,2017-08-21 20:31:00,"15:26:15",2016-05-18
2016,5,"19",2017-08-21 05:04:00,2017-08-21 20:33:00,"15:28:45",2016-05-19
2016,5,"20",2017-08-21 05:03:00,2017-08-21 20:34:00,"15:31:11",2016-05-20
2016,5,"21",2017-08-21 05:02:00,2017-08-21 20:35:00,"15:33:33",2016-05-21
2016,5,"22",2017-08-21 05:01:00,2017-08-21 20:37:00,"15:35:53",2016-05-22
2016,5,"23",2017-08-21 05:00:00,2017-08-21 20:38:00,"15:38:09",2016-05-23
2016,5,"24",2017-08-21 04:59:00,2017-08-21 20:39:00,"15:40:21",2016-05-24
2016,5,"25",2017-08-21 04:58:00,2017-08-21 20:40:00,"15:42:30",2016-05-25
2016,5,"26",2017-08-21 04:57:00,2017-08-21 20:41:00,"15:44:35",2016-05-26
2016,5,"27",2017-08-21 04:56:00,2017-08-21 20:42:00,"15:46:36",2016-05-27
2016,5,"28",2017-08-21 04:55:00,2017-08-21 20:43:00,"15:48:33",2016-05-28
2016,5,"29",2017-08-21 04:54:00,2017-08-21 20:44:00,"15:50:27",2016-05-29
2016,5,"30",2017-08-21 04:53:00,2017-08-21 20:46:00,"15:52:16",2016-05-30
2016,5,"31",2017-08-21 04:53:00,2017-08-21 20:47:00,"15:54:00",2016-05-31
2016,6,"1",2017-08-21 04:52:00,2017-08-21 20:48:00,"15:55:41",2016-06-01
2016,6,"2",2017-08-21 04:51:00,2017-08-21 20:48:00,"15:57:17",2016-06-02
2016,6,"3",2017-08-21 04:51:00,2017-08-21 20:49:00,"15:58:48",2016-06-03
2016,6,"4",2017-08-21 04:50:00,2017-08-21 20:50:00,"16:00:15",2016-06-04
2016,6,"5",2017-08-21 04:49:00,2017-08-21 20:51:00,"16:01:38",2016-06-05
2016,6,"6",2017-08-21 04:49:00,2017-08-21 20:52:00,"16:02:55",2016-06-06
2016,6,"7",2017-08-21 04:49:00,2017-08-21 20:53:00,"16:04:08",2016-06-07
2016,6,"8",2017-08-21 04:48:00,2017-08-21 20:53:00,"16:05:16",2016-06-08
2016,6,"9",2017-08-21 04:48:00,2017-08-21 20:54:00,"16:06:19",2016-06-09
2016,6,"10",2017-08-21 04:48:00,2017-08-21 20:55:00,"16:07:17",2016-06-10
2016,6,"11",2017-08-21 04:47:00,2017-08-21 20:55:00,"16:08:10",2016-06-11
2016,6,"12",2017-08-21 04:47:00,2017-08-21 20:56:00,"16:08:57",2016-06-12
2016,6,"13",2017-08-21 04:47:00,2017-08-21 20:57:00,"16:09:40",2016-06-13
2016,6,"14",2017-08-21 04:47:00,2017-08-21 20:57:00,"16:10:17",2016-06-14
2016,6,"15",2017-08-21 04:47:00,2017-08-21 20:58:00,"16:10:49",2016-06-15
2016,6,"16",2017-08-21 04:47:00,2017-08-21 20:58:00,"16:11:16",2016-06-16
2016,6,"17",2017-08-21 04:47:00,2017-08-21 20:58:00,"16:11:38",2016-06-17
2016,6,"18",2017-08-21 04:47:00,2017-08-21 20:59:00,"16:11:54",2016-06-18
2016,6,"19",2017-08-21 04:47:00,2017-08-21 20:59:00,"16:12:05",2016-06-19
2016,6,"20",2017-08-21 04:47:00,2017-08-21 20:59:00,"16:12:10",2016-06-20
2016,6,"21",2017-08-21 04:47:00,2017-08-21 20:59:00,"16:12:10",2016-06-21
2016,6,"22",2017-08-21 04:48:00,2017-08-21 21:00:00,"16:12:05",2016-06-22
2016,6,"23",2017-08-21 04:48:00,2017-08-21 21:00:00,"16:11:54",2016-06-23
2016,6,"24",2017-08-21 04:48:00,2017-08-21 21:00:00,"16:11:38",2016-06-24
2016,6,"25",2017-08-21 04:49:00,2017-08-21 21:00:00,"16:11:17",2016-06-25
2016,6,"26",2017-08-21 04:49:00,2017-08-21 21:00:00,"16:10:51",2016-06-26
2016,6,"27",2017-08-21 04:49:00,2017-08-21 21:00:00,"16:10:19",2016-06-27
2016,6,"28",2017-08-21 04:50:00,2017-08-21 21:00:00,"16:09:42",2016-06-28
2016,6,"29",2017-08-21 04:50:00,2017-08-21 20:59:00,"16:09:00",2016-06-29
2016,6,"30",2017-08-21 04:51:00,2017-08-21 20:59:00,"16:08:12",2016-06-30
2016,7,"1",2017-08-21 04:52:00,2017-08-21 20:59:00,"16:07:20",2016-07-01
2016,7,"2",2017-08-21 04:52:00,2017-08-21 20:59:00,"16:06:22",2016-07-02
2016,7,"3",2017-08-21 04:53:00,2017-08-21 20:58:00,"16:05:20",2016-07-03
2016,7,"4",2017-08-21 04:54:00,2017-08-21 20:58:00,"16:04:13",2016-07-04
2016,7,"5",2017-08-21 04:54:00,2017-08-21 20:57:00,"16:03:00",2016-07-05
2016,7,"6",2017-08-21 04:55:00,2017-08-21 20:57:00,"16:01:44",2016-07-06
2016,7,"7",2017-08-21 04:56:00,2017-08-21 20:56:00,"16:00:22",2016-07-07
2016,7,"8",2017-08-21 04:57:00,2017-08-21 20:56:00,"15:58:56",2016-07-08
2016,7,"9",2017-08-21 04:58:00,2017-08-21 20:55:00,"15:57:25",2016-07-09
2016,7,"10",2017-08-21 04:59:00,2017-08-21 20:55:00,"15:55:50",2016-07-10
2016,7,"11",2017-08-21 05:00:00,2017-08-21 20:54:00,"15:54:10",2016-07-11
2016,7,"12",2017-08-21 05:01:00,2017-08-21 20:53:00,"15:52:26",2016-07-12
2016,7,"13",2017-08-21 05:02:00,2017-08-21 20:52:00,"15:50:38",2016-07-13
2016,7,"14",2017-08-21 05:03:00,2017-08-21 20:51:00,"15:48:46",2016-07-14
2016,7,"15",2017-08-21 05:04:00,2017-08-21 20:51:00,"15:46:50",2016-07-15
2016,7,"16",2017-08-21 05:05:00,2017-08-21 20:50:00,"15:44:50",2016-07-16
2016,7,"17",2017-08-21 05:06:00,2017-08-21 20:49:00,"15:42:47",2016-07-17
2016,7,"18",2017-08-21 05:07:00,2017-08-21 20:48:00,"15:40:39",2016-07-18
2016,7,"19",2017-08-21 05:08:00,2017-08-21 20:47:00,"15:38:28",2016-07-19
2016,7,"20",2017-08-21 05:09:00,2017-08-21 20:46:00,"15:36:14",2016-07-20
2016,7,"21",2017-08-21 05:11:00,2017-08-21 20:45:00,"15:33:56",2016-07-21
2016,7,"22",2017-08-21 05:12:00,2017-08-21 20:43:00,"15:31:35",2016-07-22
2016,7,"23",2017-08-21 05:13:00,2017-08-21 20:42:00,"15:29:10",2016-07-23
2016,7,"24",2017-08-21 05:14:00,2017-08-21 20:41:00,"15:26:43",2016-07-24
2016,7,"25",2017-08-21 05:16:00,2017-08-21 20:40:00,"15:24:12",2016-07-25
2016,7,"26",2017-08-21 05:17:00,2017-08-21 20:38:00,"15:21:39",2016-07-26
2016,7,"27",2017-08-21 05:18:00,2017-08-21 20:37:00,"15:19:02",2016-07-27
2016,7,"28",2017-08-21 05:19:00,2017-08-21 20:36:00,"15:16:23",2016-07-28
2016,7,"29",2017-08-21 05:21:00,2017-08-21 20:34:00,"15:13:42",2016-07-29
2016,7,"30",2017-08-21 05:22:00,2017-08-21 20:33:00,"15:10:58",2016-07-30
2016,7,"31",2017-08-21 05:23:00,2017-08-21 20:32:00,"15:08:11",2016-07-31
2016,8,"1",2017-08-21 05:25:00,2017-08-21 20:30:00,"15:05:22",2016-08-01
2016,8,"2",2017-08-21 05:26:00,2017-08-21 20:29:00,"15:02:31",2016-08-02
2016,8,"3",2017-08-21 05:27:00,2017-08-21 20:27:00,"14:59:37",2016-08-03
2016,8,"4",2017-08-21 05:29:00,2017-08-21 20:25:00,"14:56:41",2016-08-04
2016,8,"5",2017-08-21 05:30:00,2017-08-21 20:24:00,"14:53:44",2016-08-05
2016,8,"6",2017-08-21 05:32:00,2017-08-21 20:22:00,"14:50:44",2016-08-06
2016,8,"7",2017-08-21 05:33:00,2017-08-21 20:21:00,"14:47:43",2016-08-07
2016,8,"8",2017-08-21 05:34:00,2017-08-21 20:19:00,"14:44:39",2016-08-08
2016,8,"9",2017-08-21 05:36:00,2017-08-21 20:17:00,"14:41:34",2016-08-09
2016,8,"10",2017-08-21 05:37:00,2017-08-21 20:16:00,"14:38:28",2016-08-10
2016,8,"11",2017-08-21 05:39:00,2017-08-21 20:14:00,"14:35:20",2016-08-11
2016,8,"12",2017-08-21 05:40:00,2017-08-21 20:12:00,"14:32:10",2016-08-12
2016,8,"13",2017-08-21 05:41:00,2017-08-21 20:10:00,"14:28:59",2016-08-13
2016,8,"14",2017-08-21 05:43:00,2017-08-21 20:09:00,"14:25:46",2016-08-14
2016,8,"15",2017-08-21 05:44:00,2017-08-21 20:07:00,"14:22:32",2016-08-15
2016,8,"16",2017-08-21 05:46:00,2017-08-21 20:05:00,"14:19:17",2016-08-16
2016,8,"17",2017-08-21 05:47:00,2017-08-21 20:03:00,"14:16:01",2016-08-17
2016,8,"18",2017-08-21 05:48:00,2017-08-21 20:01:00,"14:12:44",2016-08-18
2016,8,"19",2017-08-21 05:50:00,2017-08-21 19:59:00,"14:09:25",2016-08-19
2016,8,"20",2017-08-21 05:51:00,2017-08-21 19:57:00,"14:06:05",2016-08-20
2016,8,"21",2017-08-21 05:53:00,2017-08-21 19:55:00,"14:02:45",2016-08-21
2016,8,"22",2017-08-21 05:54:00,2017-08-21 19:53:00,"13:59:23",2016-08-22
2016,8,"23",2017-08-21 05:56:00,2017-08-21 19:52:00,"13:56:01",2016-08-23
2016,8,"24",2017-08-21 05:57:00,2017-08-21 19:50:00,"13:52:37",2016-08-24
2016,8,"25",2017-08-21 05:58:00,2017-08-21 19:48:00,"13:49:13",2016-08-25
2016,8,"26",2017-08-21 06:00:00,2017-08-21 19:46:00,"13:45:48",2016-08-26
2016,8,"27",2017-08-21 06:01:00,2017-08-21 19:44:00,"13:42:23",2016-08-27
2016,8,"28",2017-08-21 06:03:00,2017-08-21 19:42:00,"13:38:56",2016-08-28
2016,8,"29",2017-08-21 06:04:00,2017-08-21 19:40:00,"13:35:29",2016-08-29
2016,8,"30",2017-08-21 06:06:00,2017-08-21 19:38:00,"13:32:01",2016-08-30
2016,8,"31",2017-08-21 06:07:00,2017-08-21 19:35:00,"13:28:33",2016-08-31
2016,9,"1",2017-08-21 06:08:00,2017-08-21 19:33:00,"13:25:04",2016-09-01
2016,9,"2",2017-08-21 06:10:00,2017-08-21 19:31:00,"13:21:35",2016-09-02
2016,9,"3",2017-08-21 06:11:00,2017-08-21 19:29:00,"13:18:05",2016-09-03
2016,9,"4",2017-08-21 06:13:00,2017-08-21 19:27:00,"13:14:34",2016-09-04
2016,9,"5",2017-08-21 06:14:00,2017-08-21 19:25:00,"13:11:04",2016-09-05
2016,9,"6",2017-08-21 06:15:00,2017-08-21 19:23:00,"13:07:32",2016-09-06
2016,9,"7",2017-08-21 06:17:00,2017-08-21 19:21:00,"13:04:01",2016-09-07
2016,9,"8",2017-08-21 06:18:00,2017-08-21 19:19:00,"13:00:29",2016-09-08
2016,9,"9",2017-08-21 06:20:00,2017-08-21 19:17:00,"12:56:57",2016-09-09
2016,9,"10",2017-08-21 06:21:00,2017-08-21 19:15:00,"12:53:24",2016-09-10
2016,9,"11",2017-08-21 06:23:00,2017-08-21 19:12:00,"12:49:51",2016-09-11
2016,9,"12",2017-08-21 06:24:00,2017-08-21 19:10:00,"12:46:18",2016-09-12
2016,9,"13",2017-08-21 06:25:00,2017-08-21 19:08:00,"12:42:45",2016-09-13
2016,9,"14",2017-08-21 06:27:00,2017-08-21 19:06:00,"12:39:11",2016-09-14
2016,9,"15",2017-08-21 06:28:00,2017-08-21 19:04:00,"12:35:37",2016-09-15
2016,9,"16",2017-08-21 06:30:00,2017-08-21 19:02:00,"12:32:03",2016-09-16
2016,9,"17",2017-08-21 06:31:00,2017-08-21 19:00:00,"12:28:29",2016-09-17
2016,9,"18",2017-08-21 06:33:00,2017-08-21 18:58:00,"12:24:55",2016-09-18
2016,9,"19",2017-08-21 06:34:00,2017-08-21 18:55:00,"12:21:21",2016-09-19
2016,9,"20",2017-08-21 06:35:00,2017-08-21 18:53:00,"12:17:46",2016-09-20
2016,9,"21",2017-08-21 06:37:00,2017-08-21 18:51:00,"12:14:12",2016-09-21
2016,9,"22",2017-08-21 06:38:00,2017-08-21 18:49:00,"12:10:37",2016-09-22
2016,9,"23",2017-08-21 06:40:00,2017-08-21 18:47:00,"12:07:02",2016-09-23
2016,9,"24",2017-08-21 06:41:00,2017-08-21 18:45:00,"12:03:27",2016-09-24
2016,9,"25",2017-08-21 06:43:00,2017-08-21 18:43:00,"11:59:53",2016-09-25
2016,9,"26",2017-08-21 06:44:00,2017-08-21 18:40:00,"11:56:18",2016-09-26
2016,9,"27",2017-08-21 06:46:00,2017-08-21 18:38:00,"11:52:43",2016-09-27
2016,9,"28",2017-08-21 06:47:00,2017-08-21 18:36:00,"11:49:08",2016-09-28
2016,9,"29",2017-08-21 06:48:00,2017-08-21 18:34:00,"11:45:34",2016-09-29
2016,9,"30",2017-08-21 06:50:00,2017-08-21 18:32:00,"11:41:59",2016-09-30
2016,10,"1",2017-08-21 06:51:00,2017-08-21 18:30:00,"11:38:25",2016-10-01
2016,10,"2",2017-08-21 06:53:00,2017-08-21 18:28:00,"11:34:50",2016-10-02
2016,10,"3",2017-08-21 06:54:00,2017-08-21 18:26:00,"11:31:16",2016-10-03
2016,10,"4",2017-08-21 06:56:00,2017-08-21 18:24:00,"11:27:42",2016-10-04
2016,10,"5",2017-08-21 06:57:00,2017-08-21 18:21:00,"11:24:08",2016-10-05
2016,10,"6",2017-08-21 06:59:00,2017-08-21 18:19:00,"11:20:35",2016-10-06
2016,10,"7",2017-08-21 07:00:00,2017-08-21 18:17:00,"11:17:01",2016-10-07
2016,10,"8",2017-08-21 07:02:00,2017-08-21 18:15:00,"11:13:28",2016-10-08
2016,10,"9",2017-08-21 07:03:00,2017-08-21 18:13:00,"11:09:56",2016-10-09
2016,10,"10",2017-08-21 07:05:00,2017-08-21 18:11:00,"11:06:23",2016-10-10
2016,10,"11",2017-08-21 07:06:00,2017-08-21 18:09:00,"11:02:51",2016-10-11
2016,10,"12",2017-08-21 07:08:00,2017-08-21 18:07:00,"10:59:20",2016-10-12
2016,10,"13",2017-08-21 07:09:00,2017-08-21 18:05:00,"10:55:49",2016-10-13
2016,10,"14",2017-08-21 07:11:00,2017-08-21 18:03:00,"10:52:18",2016-10-14
2016,10,"15",2017-08-21 07:12:00,2017-08-21 18:01:00,"10:48:48",2016-10-15
2016,10,"16",2017-08-21 07:14:00,2017-08-21 17:59:00,"10:45:18",2016-10-16
2016,10,"17",2017-08-21 07:15:00,2017-08-21 17:57:00,"10:41:49",2016-10-17
2016,10,"18",2017-08-21 07:17:00,2017-08-21 17:55:00,"10:38:21",2016-10-18
2016,10,"19",2017-08-21 07:19:00,2017-08-21 17:53:00,"10:34:53",2016-10-19
2016,10,"20",2017-08-21 07:20:00,2017-08-21 17:52:00,"10:31:26",2016-10-20
2016,10,"21",2017-08-21 07:22:00,2017-08-21 17:50:00,"10:28:00",2016-10-21
2016,10,"22",2017-08-21 07:23:00,2017-08-21 17:48:00,"10:24:34",2016-10-22
2016,10,"23",2017-08-21 07:25:00,2017-08-21 17:46:00,"10:21:10",2016-10-23
2016,10,"24",2017-08-21 07:26:00,2017-08-21 17:44:00,"10:17:46",2016-10-24
2016,10,"25",2017-08-21 07:28:00,2017-08-21 17:42:00,"10:14:23",2016-10-25
2016,10,"26",2017-08-21 07:30:00,2017-08-21 17:41:00,"10:11:01",2016-10-26
2016,10,"27",2017-08-21 07:31:00,2017-08-21 17:39:00,"10:07:40",2016-10-27
2016,10,"28",2017-08-21 07:33:00,2017-08-21 17:37:00,"10:04:21",2016-10-28
2016,10,"29",2017-08-21 07:34:00,2017-08-21 17:35:00,"10:01:02",2016-10-29
2016,10,"30",2017-08-21 06:36:00,2017-08-21 16:34:00,"9:57:45",2016-10-30
2016,10,"31",2017-08-21 06:38:00,2017-08-21 16:32:00,"9:54:29",2016-10-31
2016,11,"1",2017-08-21 06:39:00,2017-08-21 16:30:00,"9:51:15",2016-11-01
2016,11,"2",2017-08-21 06:41:00,2017-08-21 16:29:00,"9:48:02",2016-11-02
2016,11,"3",2017-08-21 06:42:00,2017-08-21 16:27:00,"9:44:50",2016-11-03
2016,11,"4",2017-08-21 06:44:00,2017-08-21 16:26:00,"9:41:40",2016-11-04
2016,11,"5",2017-08-21 06:46:00,2017-08-21 16:24:00,"9:38:32",2016-11-05
2016,11,"6",2017-08-21 06:47:00,2017-08-21 16:23:00,"9:35:26",2016-11-06
2016,11,"7",2017-08-21 06:49:00,2017-08-21 16:21:00,"9:32:21",2016-11-07
2016,11,"8",2017-08-21 06:50:00,2017-08-21 16:20:00,"9:29:18",2016-11-08
2016,11,"9",2017-08-21 06:52:00,2017-08-21 16:18:00,"9:26:18",2016-11-09
2016,11,"10",2017-08-21 06:54:00,2017-08-21 16:17:00,"9:23:19",2016-11-10
2016,11,"11",2017-08-21 06:55:00,2017-08-21 16:16:00,"9:20:23",2016-11-11
2016,11,"12",2017-08-21 06:57:00,2017-08-21 16:14:00,"9:17:29",2016-11-12
2016,11,"13",2017-08-21 06:58:00,2017-08-21 16:13:00,"9:14:38",2016-11-13
2016,11,"14",2017-08-21 07:00:00,2017-08-21 16:12:00,"9:11:49",2016-11-14
2016,11,"15",2017-08-21 07:01:00,2017-08-21 16:10:00,"9:09:03",2016-11-15
2016,11,"16",2017-08-21 07:03:00,2017-08-21 16:09:00,"9:06:20",2016-11-16
2016,11,"17",2017-08-21 07:04:00,2017-08-21 16:08:00,"9:03:39",2016-11-17
2016,11,"18",2017-08-21 07:06:00,2017-08-21 16:07:00,"9:01:01",2016-11-18
2016,11,"19",2017-08-21 07:08:00,2017-08-21 16:06:00,"8:58:27",2016-11-19
2016,11,"20",2017-08-21 07:09:00,2017-08-21 16:05:00,"8:55:55",2016-11-20
2016,11,"21",2017-08-21 07:11:00,2017-08-21 16:04:00,"8:53:27",2016-11-21
2016,11,"22",2017-08-21 07:12:00,2017-08-21 16:03:00,"8:51:02",2016-11-22
2016,11,"23",2017-08-21 07:13:00,2017-08-21 16:02:00,"8:48:41",2016-11-23
2016,11,"24",2017-08-21 07:15:00,2017-08-21 16:01:00,"8:46:23",2016-11-24
2016,11,"25",2017-08-21 07:16:00,2017-08-21 16:00:00,"8:44:09",2016-11-25
2016,11,"26",2017-08-21 07:18:00,2017-08-21 16:00:00,"8:41:59",2016-11-26
2016,11,"27",2017-08-21 07:19:00,2017-08-21 15:59:00,"8:39:53",2016-11-27
2016,11,"28",2017-08-21 07:20:00,2017-08-21 15:58:00,"8:37:50",2016-11-28
2016,11,"29",2017-08-21 07:22:00,2017-08-21 15:58:00,"8:35:53",2016-11-29
2016,11,"30",2017-08-21 07:23:00,2017-08-21 15:57:00,"8:33:59",2016-11-30
2016,12,"1",2017-08-21 07:24:00,2017-08-21 15:57:00,"8:32:10",2016-12-01
2016,12,"2",2017-08-21 07:26:00,2017-08-21 15:56:00,"8:30:25",2016-12-02
2016,12,"3",2017-08-21 07:27:00,2017-08-21 15:56:00,"8:28:45",2016-12-03
2016,12,"4",2017-08-21 07:28:00,2017-08-21 15:55:00,"8:27:10",2016-12-04
2016,12,"5",2017-08-21 07:29:00,2017-08-21 15:55:00,"8:25:39",2016-12-05
2016,12,"6",2017-08-21 07:30:00,2017-08-21 15:55:00,"8:24:14",2016-12-06
2016,12,"7",2017-08-21 07:32:00,2017-08-21 15:54:00,"8:22:53",2016-12-07
2016,12,"8",2017-08-21 07:33:00,2017-08-21 15:54:00,"8:21:38",2016-12-08
2016,12,"9",2017-08-21 07:34:00,2017-08-21 15:54:00,"8:20:28",2016-12-09
2016,12,"10",2017-08-21 07:35:00,2017-08-21 15:54:00,"8:19:23",2016-12-10
2016,12,"11",2017-08-21 07:36:00,2017-08-21 15:54:00,"8:18:23",2016-12-11
2016,12,"12",2017-08-21 07:37:00,2017-08-21 15:54:00,"8:17:29",2016-12-12
2016,12,"13",2017-08-21 07:37:00,2017-08-21 15:54:00,"8:16:40",2016-12-13
2016,12,"14",2017-08-21 07:38:00,2017-08-21 15:54:00,"8:15:57",2016-12-14
2016,12,"15",2017-08-21 07:39:00,2017-08-21 15:54:00,"8:15:20",2016-12-15
2016,12,"16",2017-08-21 07:40:00,2017-08-21 15:55:00,"8:14:48",2016-12-16
2016,12,"17",2017-08-21 07:41:00,2017-08-21 15:55:00,"8:14:22",2016-12-17
2016,12,"18",2017-08-21 07:41:00,2017-08-21 15:55:00,"8:14:02",2016-12-18
2016,12,"19",2017-08-21 07:42:00,2017-08-21 15:56:00,"8:13:47",2016-12-19
2016,12,"20",2017-08-21 07:42:00,2017-08-21 15:56:00,"8:13:38",2016-12-20
2016,12,"21",2017-08-21 07:43:00,2017-08-21 15:57:00,"8:13:35",2016-12-21
2016,12,"22",2017-08-21 07:43:00,2017-08-21 15:57:00,"8:13:38",2016-12-22
2016,12,"23",2017-08-21 07:44:00,2017-08-21 15:58:00,"8:13:46",2016-12-23
2016,12,"24",2017-08-21 07:44:00,2017-08-21 15:58:00,"8:14:01",2016-12-24
2016,12,"25",2017-08-21 07:45:00,2017-08-21 15:59:00,"8:14:21",2016-12-25
2016,12,"26",2017-08-21 07:45:00,2017-08-21 16:00:00,"8:14:47",2016-12-26
2016,12,"27",2017-08-21 07:45:00,2017-08-21 16:00:00,"8:15:18",2016-12-27
2016,12,"28",2017-08-21 07:45:00,2017-08-21 16:01:00,"8:15:55",2016-12-28
2016,12,"29",2017-08-21 07:45:00,2017-08-21 16:02:00,"8:16:38",2016-12-29
2016,12,"30",2017-08-21 07:46:00,2017-08-21 16:03:00,"8:17:27",2016-12-30
2016,12,"31",2017-08-21 07:46:00,2017-08-21 16:04:00,"8:18:21",2016-12-31
